{
    "limit": 1,
    "owner":{},
    "admin":{},
    "pqr":true,
    "pjoin":true,
    "addadmin":false,
    "delladmin":false,
    "staff":{},
    "addstaff":false,
    "dellstaff":false,
    "bots":{},
    "addbots":false,
    "dellbots":false,
    "wblacklist":false,
    "dblacklist":false,
    "Talkblacklist":{},
    "Talkwblacklist":false,
    "Talkdblacklist":false,
    "talkban":false,
    "contact":false,
    "invite":false,
    'autoJoin':true,
    'autoAdd':false,
    'autoBlock':false,
    'Timeline':false,
    'autoLeave':false,
    'autoLeave1':false,
    "arespon":true,
    "detectMention":false,
    "Mentionkick":false,
    "Mentiongift":false,
    "welcomeOn":false,
    "stickerOn":false,
    "Addsticker":{
            "name": "",
            "status":false
            },
    "stk":{},
    "selfbot":true,
    "Images":{},
    "Img":{},
    "Addimage":{
            "name": "",
            "status":false
            },
    "Videos":{},
    "Addaudio":{
            "name": "",
            "status":false
            },
    "Addvideo":{
            "name": "",
            "status":false
            },
    "unsend":false,
    "mention":"ᴋᴀʟᴏ ɴɢɪɴᴛɪᴘ ᴛᴇʀᴜs ᴅᴀᴘᴇᴛ ɢᴇʟᴀs ᴘᴇᴄᴀʜ ᴅɪ ᴋᴇᴘᴀʟᴀ...",
    "Respontag":"ɴɢᴇтᴀɢ ɢuᴇ sᴇᴋᴀʟɪ ʟᴀɢɪ, ᴅᴀᴘᴇᴛ ʜᴀᴅɪᴀʜ ᴘɪʀɪɴɢ ᴘᴇᴄᴀʜ...!!!",
    "Responpm":"ᴀᴅᴀ ᴀᴘᴀ ᴋᴀᴋ ᴛᴀᴅɪ ᴛᴀɢ sᴀʏᴀ ᴅɪ ɢʀᴜᴘ?",
    "welcome":"丂乇ㄥ卂爪卂ㄒ 乃乇尺Ꮆ卂乃ㄩ几Ꮆ Ҝ卂Ҝ,,, 丂乇爪ㄖᎶ卂 乃乇ㄒ卂卄",
    "leave":"See you next time again ...",
    "comment":"ᴀᴜᴛᴏ ʟɪᴋᴇ ɴ ᴄᴏᴍᴍᴇɴᴛ ᴅᴏɴᴇ\nвʏ.ᴛᴇᴀᴍ ⊶ ɪɴᴇxʙᴏᴛs ⊷ \nline.me/ti/p/~denjaka_inex",
    "message":"тᴇяıмᴀ кᴀsıн suᴅᴀн ᴀᴅᴅ sᴀʏᴀ \nвʏ.ᴛᴇᴀᴍ ⊶ ɪɴᴇxʙᴏᴛs ⊷ \nline.me/ti/p/~denjaka_inex"
}
